0.0749,0.8211,0.7462,0.091,1.3262,1.2352,0.0562,0.1301,0.0739,0.072,1.2987,1.2267,0.0541,0.7109,0.6568,0.0551,1.5702,1.5151
0.0733,1.4521,1.3788,0.0507,1.6161,1.5654,0.071,0.1428,0.0718,0.0915,0.9311,0.8396,0.038,0.5431,0.5051,0.0399,0.8425,0.8026
0.0544,1.1126,1.0582,0.0483,1.0718,1.0235,0.0512,0.1419,0.0907,0.0873,0.9048,0.8175,0.0636,1.2285,1.1649,0.0399,0.6386,0.5987
0.0451,0.5978,0.5527,0.0641,0.827,0.7629,0.0549,0.1246,0.0697,0.0757,0.4441,0.3684,0.0438,0.5563,0.5125,0.0451,0.5494,0.5043
0.0578,0.8597,0.8019,0.0541,0.5098,0.4557,0.0615,0.1182,0.0567,0.1042,0.6836,0.5794,0.0483,0.6025,0.5542,0.0401,0.7129,0.6728
0.0557,0.7041,0.6484,0.043,0.692,0.649,0.061,0.108,0.047,0.1002,0.2787,0.1785,0.0443,0.7611,0.7168,0.0428,0.5708,0.528
0.0607,1.608,1.5473,0.0567,0.794,0.7373,0.071,0.1101,0.0391,0.0831,0.4663,0.3832,0.0549,0.5115,0.4566,0.0472,0.6007,0.5535
0.0544,0.6767,0.6223,0.0567,0.5512,0.4945,0.062,0.1127,0.0507,0.0749,0.3481,0.2732,0.0507,0.8722,0.8215,0.0507,1.2741,1.2234
0.0538,0.5039,0.4501,0.0559,0.5654,0.5095,0.0583,0.1116,0.0533,0.0966,0.4489,0.3523,0.0509,0.5602,0.5093,0.0472,0.4787,0.4315
0.061,1.2376,1.1766,0.0573,0.7846,0.7273,0.0596,0.0823,0.0227,0.0855,0.2788,0.1933,0.0625,0.5953,0.5328,0.047,0.7121,0.6651
0.053,0.4804,0.4274,0.0662,0.841,0.7748,0.0567,0.1285,0.0718,0.1092,0.8755,0.7663,0.0573,0.5302,0.4729,0.0491,0.4682,0.4191
0.0652,0.611,0.5458,0.048,0.5625,0.5145,0.048,0.1203,0.0723,0.1005,0.6247,0.5242,0.0533,0.4018,0.3485,0.0364,0.5111,0.4747
0.0399,0.7927,0.7528,0.0383,0.7158,0.6775,0.053,0.111,0.058,0.1031,0.477,0.3739,0.0433,0.4962,0.4529,0.0451,0.4574,0.4123
0.0478,0.6701,0.6223,0.0623,0.5394,0.4771,0.0628,0.1124,0.0496,0.0847,0.5958,0.5111,0.0639,0.4809,0.417,0.0412,0.4872,0.446
0.0412,0.5894,0.5482,0.0467,0.7674,0.7207,0.0488,0.1208,0.072,0.0823,0.8563,0.774,0.061,0.8651,0.8041,0.0317,0.545,0.5133
0.0544,1.8507,1.7963,0.0641,0.5897,0.5256,0.0736,0.1804,0.1068,0.0813,0.4792,0.3979,0.0464,0.4405,0.3941,0.0438,0.4513,0.4075
0.053,0.959,0.906,0.0575,0.7147,0.6572,0.0599,0.1274,0.0675,0.0997,1.083,0.9833,0.043,0.4532,0.4102,0.0488,0.4906,0.4418
0.0467,0.9282,0.8815,0.0433,1.086,1.0427,0.0536,0.1288,0.0752,0.0784,0.6322,0.5538,0.0483,0.5473,0.499,0.0396,0.4711,0.4315
0.0391,0.7313,0.6922,0.0486,0.5404,0.4918,0.0509,0.1121,0.0612,0.0958,0.34,0.2442,0.0504,0.4431,0.3927,0.0472,0.4014,0.3542
0.0422,0.7423,0.7001,0.0496,0.585,0.5354,0.0557,0.1301,0.0744,0.0807,0.3212,0.2405,0.0551,0.513,0.4579,0.0417,0.5367,0.495
0.0541,0.6397,0.5856,0.0596,0.3869,0.3273,0.0668,0.1267,0.0599,0.0958,0.7395,0.6437,0.0467,1.3226,1.2759,0.0475,0.9038,0.8563
0.0668,0.6909,0.6241,0.0562,0.726,0.6698,0.0483,0.1264,0.0781,0.0981,0.6332,0.5351,0.0617,0.614,0.5523,0.0467,0.4376,0.3909
0.0459,0.6703,0.6244,0.0541,0.4579,0.4038,0.0702,0.1515,0.0813,0.081,0.5414,0.4604,0.0478,0.4535,0.4057,0.0512,0.4574,0.4062
0.0567,0.7976,0.7409,0.0733,0.3858,0.3125,0.0657,0.1277,0.062,0.1042,1.7242,1.62,0.0499,0.8005,0.7506,0.0504,0.4718,0.4214
0.0559,0.5582,0.5023,0.0538,0.3703,0.3165,0.047,0.128,0.081,0.0886,0.3752,0.2866,0.052,0.5888,0.5368,0.0449,0.4453,0.4004
0.0718,0.8025,0.7307,0.0462,0.6053,0.5591,0.0604,0.1585,0.0981,0.1095,0.807,0.6975,0.0443,0.5494,0.5051,0.0488,0.4333,0.3845
0.0488,0.5569,0.5081,0.0515,0.4563,0.4048,0.0583,0.1182,0.0599,0.1031,1.0147,0.9116,0.0604,0.4481,0.3877,0.038,0.6957,0.6577
0.0657,0.443,0.3773,0.0583,0.4027,0.3444,0.0607,0.1222,0.0615,0.0921,2.0694,1.9773,0.0491,0.6019,0.5528,0.0522,0.4724,0.4202
0.0768,0.6329,0.5561,0.0594,1.0573,0.9979,0.0641,0.1251,0.061,0.0995,0.3258,0.2263,0.062,0.5914,0.5294,0.042,0.4967,0.4547
0.0559,0.6297,0.5738,0.052,0.6116,0.5596,0.0517,0.1095,0.0578,0.0984,0.8932,0.7948,0.0364,0.47,0.4336,0.0454,0.3661,0.3207
0.0652,0.4048,0.3396,0.061,0.3975,0.3365,0.0625,0.1192,0.0567,0.0894,0.6403,0.5509,0.0591,0.5632,0.5041,0.053,0.4226,0.3696
0.0665,0.5588,0.4923,0.0588,0.3668,0.308,0.0652,0.1852,0.12,0.082,1.2344,1.1524,0.0654,0.6668,0.6014,0.0491,0.4558,0.4067
0.0631,0.4198,0.3567,0.0673,0.402,0.3347,0.0573,0.1153,0.058,0.0733,0.4077,0.3344,0.0544,0.5732,0.5188,0.0464,0.4362,0.3898
0.0649,0.5508,0.4859,0.0578,0.4726,0.4148,0.0522,0.1221,0.0699,0.0878,0.6023,0.5145,0.0681,0.5118,0.4437,0.0441,0.4252,0.3811
0.0644,0.5292,0.4648,0.0499,0.7031,0.6532,0.0554,0.1525,0.0971,0.106,0.2909,0.1849,0.0528,1.022,0.9692,0.0509,0.6024,0.5515
0.057,0.6157,0.5587,0.0639,0.3725,0.3086,0.0773,0.1396,0.0623,0.105,0.7585,0.6535,0.0641,0.5217,0.4576,0.0544,0.3786,0.3242
0.0362,0.7663,0.7301,0.0504,0.5385,0.4881,0.0596,0.1084,0.0488,0.0902,0.5554,0.4652,0.0581,0.5239,0.4658,0.0596,0.4133,0.3537
0.0615,1.135,1.0735,0.0504,0.4159,0.3655,0.066,0.1441,0.0781,0.1024,0.5016,0.3992,0.0557,0.5806,0.5249,0.047,0.516,0.469
0.0599,0.4427,0.3828,0.0581,0.4711,0.413,0.0525,0.1203,0.0678,0.0849,0.7093,0.6244,0.0462,0.4932,0.447,0.0364,0.4552,0.4188
0.0599,0.4604,0.4005,0.0639,0.4242,0.3603,0.0683,0.1256,0.0573,0.0892,0.4987,0.4095,0.0528,0.44,0.3872,0.0486,0.3791,0.3305
0.0588,0.8369,0.7781,0.0625,0.3373,0.2748,0.0617,0.1416,0.0799,0.0931,0.346,0.2529,0.0691,0.988,0.9189,0.0391,0.555,0.5159
0.0544,1.3784,1.324,0.0681,0.4787,0.4106,0.061,0.1185,0.0575,0.0884,0.3305,0.2421,0.0517,0.5341,0.4824,0.0464,0.3853,0.3389
0.061,0.5269,0.4659,0.0509,0.4214,0.3705,0.071,0.133,0.062,0.0791,0.3257,0.2466,0.0472,0.6855,0.6383,0.0525,0.4452,0.3927
0.0573,0.4459,0.3886,0.0507,0.3933,0.3426,0.0602,0.1312,0.071,0.0857,0.3362,0.2505,0.0581,0.4952,0.4371,0.0446,0.407,0.3624
0.0538,0.5658,0.512,0.0583,0.2996,0.2413,0.0594,0.1451,0.0857,0.0855,0.7118,0.6263,0.0449,0.5072,0.4623,0.0512,0.4664,0.4152
0.0573,0.4668,0.4095,0.0554,0.393,0.3376,0.0501,0.1105,0.0604,0.0768,0.6227,0.5459,0.0517,0.4676,0.4159,0.0393,0.433,0.3937
0.0522,0.6004,0.5482,0.0791,0.3233,0.2442,0.0449,0.1718,0.1269,0.1018,0.3758,0.274,0.0596,0.5544,0.4948,0.0459,0.4396,0.3937
0.0554,0.8301,0.7747,0.0562,0.4631,0.4069,0.0528,0.1462,0.0934,0.0942,0.5523,0.4581,0.057,0.5919,0.5349,0.0454,0.4661,0.4207
0.0573,0.7405,0.6832,0.052,0.3967,0.3447,0.0441,0.1393,0.0952,0.1055,0.9021,0.7966,0.0501,0.61,0.5599,0.0507,0.3809,0.3302
0.0525,0.5622,0.5097,0.0628,0.3526,0.2898,0.0591,0.1527,0.0936,0.0889,0.8085,0.7196,0.0612,0.6412,0.58,0.0396,0.4645,0.4249
0.0741,0.1977,0.1236,0.1026,0.2245,0.1219,0.081,0.4431,0.3621,0.0668,0.6886,0.6218,0.0544,0.5972,0.5428,0.0551,0.8062,0.7511
0.066,0.3608,0.2948,0.0536,0.3142,0.2606,0.0156,0.4837,0.4681,0.0689,0.971,0.9021,0.0615,0.6929,0.6314,0.0559,0.408,0.3521
0.061,0.7038,0.6428,0.0604,0.3233,0.2629,0.0631,0.1488,0.0857,0.0818,1.1361,1.0543,0.0615,1.1241,1.0626,0.0475,0.8286,0.7811
0.0604,1.19,1.1296,0.0718,0.6583,0.5865,0.0546,0.1192,0.0646,0.0678,0.1933,0.1255,0.0559,0.7902,0.7343,0.0522,0.7292,0.677
0.0673,0.9501,0.8828,0.0594,0.3585,0.2991,0.0744,0.1274,0.053,0.0939,0.3529,0.259,0.0459,1.1071,1.0612,0.0668,0.5731,0.5063
0.0649,0.4717,0.4068,0.0562,0.3147,0.2585,0.0699,0.6158,0.5459,0.0752,2.5023,2.4271,0.0462,0.7546,0.7084,0.0467,0.4389,0.3922
0.0712,0.7554,0.6842,0.057,0.763,0.706,0.0623,0.1259,0.0636,0.0733,0.2241,0.1508,0.0544,0.4745,0.4201,0.0499,0.4503,0.4004
0.061,0.4016,0.3406,0.0633,0.471,0.4077,0.0559,0.1416,0.0857,0.0625,0.8884,0.8259,0.0443,0.5098,0.4655,0.0536,0.4371,0.3835
0.067,0.6162,0.5492,0.0623,0.7561,0.6938,0.0631,0.128,0.0649,0.1124,0.5934,0.481,0.0567,2.2985,2.2418,0.0417,0.4481,0.4064
0.0639,0.4523,0.3884,0.0559,0.427,0.3711,0.0599,0.1193,0.0594,0.0807,0.2445,0.1638,0.0641,0.945,0.8809,0.0533,0.3962,0.3429
0.0586,0.5422,0.4836,0.0591,0.4236,0.3645,0.0557,0.0919,0.0362,0.067,0.3112,0.2442,0.0417,0.5679,0.5262,0.0464,0.4486,0.4022
0.0578,0.7887,0.7309,0.0525,0.3721,0.3196,0.0499,0.1172,0.0673,0.0966,0.7933,0.6967,0.0507,0.6523,0.6016,0.0528,0.4123,0.3595
0.0628,0.7207,0.6579,0.043,0.3766,0.3336,0.0646,0.1095,0.0449,0.0749,0.5504,0.4755,0.0596,0.7092,0.6496,0.052,0.4345,0.3825
0.0602,0.5836,0.5234,0.0588,0.398,0.3392,0.0654,0.1037,0.0383,0.0776,0.379,0.3014,0.0567,0.5729,0.5162,0.0596,0.6408,0.5812
0.0604,0.6502,0.5898,0.0475,0.3424,0.2949,0.0383,0.1072,0.0689,0.096,0.5709,0.4749,0.0675,0.5249,0.4574,0.0594,0.4294,0.37
0.0707,0.5071,0.4364,0.0422,0.3824,0.3402,0.0517,0.0989,0.0472,0.076,0.3637,0.2877,0.0628,0.5035,0.4407,0.0528,0.4154,0.3626
0.0617,0.5806,0.5189,0.0573,0.4075,0.3502,0.0496,0.0963,0.0467,0.0744,0.2735,0.1991,0.0491,0.4656,0.4165,0.0565,0.3912,0.3347
0.061,0.5195,0.4585,0.0507,0.3806,0.3299,0.0639,0.1354,0.0715,0.0749,0.4317,0.3568,0.0544,0.7683,0.7139,0.0475,0.4347,0.3872
0.0544,0.6023,0.5479,0.0464,0.2954,0.249,0.0562,0.144,0.0878,0.0768,0.5322,0.4554,0.048,0.5288,0.4808,0.047,0.3873,0.3403
0.0607,0.6163,0.5556,0.0578,0.3975,0.3397,0.0649,0.1214,0.0565,0.0815,0.2801,0.1986,0.0612,0.8007,0.7395,0.0588,0.4462,0.3874
0.0615,0.583,0.5215,0.0512,0.3445,0.2933,0.0607,0.1377,0.077,0.0823,0.3792,0.2969,0.0404,0.4519,0.4115,0.0467,0.3672,0.3205
0.067,0.7167,0.6497,0.0654,0.3874,0.322,0.0712,0.1427,0.0715,0.0749,0.2513,0.1764,0.066,0.5829,0.5169,0.0385,0.4292,0.3907
0.0575,0.5767,0.5192,0.061,0.3791,0.3181,0.0599,0.1422,0.0823,0.0884,0.3268,0.2384,0.0586,0.7138,0.6552,0.0607,0.388,0.3273
0.0578,0.7009,0.6431,0.0549,0.3458,0.2909,0.0628,0.133,0.0702,0.0765,0.3001,0.2236,0.057,0.566,0.509,0.0449,0.3804,0.3355
0.0559,0.7053,0.6494,0.0454,0.2759,0.2305,0.0657,0.1108,0.0451,0.0691,0.7582,0.6891,0.0459,0.4953,0.4494,0.043,0.416,0.373
0.0747,0.5366,0.4619,0.0467,0.3418,0.2951,0.0433,0.1369,0.0936,0.0628,0.4051,0.3423,0.0491,0.8385,0.7894,0.0464,0.6387,0.5923
0.0697,0.4172,0.3475,0.0544,0.3044,0.25,0.0491,0.1259,0.0768,0.086,0.3787,0.2927,0.0533,0.4809,0.4276,0.0309,0.3814,0.3505
0.0654,0.5418,0.4764,0.0636,0.4244,0.3608,0.0567,0.1216,0.0649,0.0744,0.3468,0.2724,0.0499,0.5534,0.5035,0.0356,0.4077,0.3721
0.0639,0.4082,0.3443,0.0596,0.2904,0.2308,0.0649,0.1506,0.0857,0.0952,0.4119,0.3167,0.0607,0.6093,0.5486,0.0491,0.4007,0.3516
0.0649,0.5071,0.4422,0.0567,0.346,0.2893,0.0633,0.1322,0.0689,0.0739,0.3634,0.2895,0.0578,0.5096,0.4518,0.0557,0.3556,0.2999
0.0612,0.5057,0.4445,0.0649,0.412,0.3471,0.0567,0.1285,0.0718,0.0662,0.4565,0.3903,0.0522,0.4842,0.432,0.0449,0.3764,0.3315
0.0578,0.4095,0.3517,0.0428,0.2881,0.2453,0.0459,0.1388,0.0929,0.0739,0.379,0.3051,0.0546,0.5323,0.4777,0.0451,0.3645,0.3194
0.0623,0.4554,0.3931,0.0562,0.3814,0.3252,0.0565,0.1269,0.0704,0.1029,0.5196,0.4167,0.0549,0.4728,0.4179,0.042,0.3585,0.3165
0.0644,0.4122,0.3478,0.0499,0.3498,0.2999,0.057,0.133,0.076,0.0762,0.3578,0.2816,0.0525,0.4458,0.3933,0.0557,0.4212,0.3655
0.0639,0.3969,0.333,0.0668,0.4139,0.3471,0.0718,0.113,0.0412,0.0755,0.5156,0.4401,0.0604,0.4355,0.3751,0.0641,0.3719,0.3078
0.0665,0.5131,0.4466,0.0581,0.3957,0.3376,0.0694,0.1438,0.0744,0.0707,0.4365,0.3658,0.0588,0.5367,0.4779,0.0433,0.4471,0.4038
0.0681,0.6484,0.5803,0.0583,0.2914,0.2331,0.0544,0.1436,0.0892,0.0834,0.2764,0.193,0.0557,0.5389,0.4832,0.0546,0.3661,0.3115
0.0639,0.5232,0.4593,0.0578,0.3163,0.2585,0.0615,0.1159,0.0544,0.1134,0.337,0.2236,0.0596,0.5262,0.4666,0.0586,0.3575,0.2989
0.0602,0.4794,0.4192,0.0538,0.3276,0.2738,0.0654,0.2511,0.1857,0.0921,0.3184,0.2263,0.0644,0.4331,0.3687,0.053,0.3503,0.2973
0.0586,0.4256,0.367,0.0546,0.3471,0.2925,0.0504,0.1562,0.1058,0.0768,1.3806,1.3038,0.0333,0.8925,0.8592,0.0491,0.3964,0.3473
0.0723,0.5395,0.4672,0.0897,0.3803,0.2906,0.0963,0.1968,0.1005,0.0778,0.6421,0.5643,0.061,0.6961,0.6351,0.0451,0.4114,0.3663
0.0628,0.4425,0.3797,0.057,0.3078,0.2508,0.0712,0.1398,0.0686,0.0699,0.3621,0.2922,0.0578,0.6199,0.5621,0.0501,0.3485,0.2984
0.0599,0.7296,0.6697,0.0567,0.3384,0.2817,0.0617,0.1931,0.1314,0.0886,0.3415,0.2529,0.0699,0.9471,0.8772,0.0541,0.4867,0.4326
0.0544,0.586,0.5316,0.0449,0.3579,0.313,0.0544,0.1074,0.053,0.0757,0.8694,0.7937,0.0549,0.4503,0.3954,0.0464,0.3574,0.311
0.0678,0.4886,0.4208,0.0607,0.3044,0.2437,0.0591,0.1248,0.0657,0.082,0.284,0.202,0.0551,0.513,0.4579,0.0499,0.3688,0.3189
0.0602,0.4945,0.4343,0.061,0.2757,0.2147,0.061,0.166,0.105,0.0747,0.3134,0.2387,0.0631,0.6056,0.5425,0.0549,0.4292,0.3743
0.0588,0.4962,0.4374,0.0583,0.3028,0.2445,0.057,0.1325,0.0755,0.0683,0.3296,0.2613,0.0578,0.5771,0.5193,0.0459,0.3485,0.3026
0.047,0.4609,0.4139,0.0557,0.3073,0.2516,0.0623,0.1433,0.081,0.0884,0.3576,0.2692,0.061,0.56,0.499,0.057,0.3711,0.3141
0.0536,0.5087,0.4551,0.0567,0.2782,0.2215,0.0507,0.2145,0.1638,0.077,0.7592,0.6822,0.0546,0.6485,0.5939,0.0507,0.3859,0.3352
0.053,0.3586,0.3056,0.0639,0.4062,0.3423,0.0731,0.1422,0.0691,0.0934,0.5087,0.4153,0.067,1.1686,1.1016,0.0459,0.3563,0.3104
0.0773,0.1297,0.0524,0.1,0.8329,0.7329,0.0649,0.1359,0.071,0.0657,1.0881,1.0224,0.0488,0.912,0.8632,0.0409,0.7933,0.7524
0.0578,1.3929,1.3351,0.0533,0.5201,0.4668,0.067,0.1432,0.0762,0.0723,0.5736,0.5013,0.0454,0.8147,0.7693,0.0483,0.6254,0.5771
0.0562,1.2855,1.2293,0.0573,0.8904,0.8331,0.0623,0.1029,0.0406,0.0836,0.327,0.2434,0.0536,0.6702,0.6166,0.0533,0.5348,0.4815
0.0562,0.8641,0.8079,0.0744,0.1778,0.1034,0.0752,0.3698,0.2946,0.0712,0.5224,0.4512,0.0599,0.5888,0.5289,0.0575,0.582,0.5245
0.0541,1.4105,1.3564,0.0467,0.8961,0.8494,0.0625,0.1306,0.0681,0.0797,0.7643,0.6846,0.0483,0.4421,0.3938,0.0551,0.4702,0.4151
0.061,0.5211,0.4601,0.0723,0.2023,0.13,0.0644,0.326,0.2616,0.0649,0.4022,0.3373,0.0588,0.4497,0.3909,0.052,0.5789,0.5269
0.0628,0.9664,0.9036,0.0797,0.1971,0.1174,0.0726,0.3171,0.2445,0.0855,0.4998,0.4143,0.0604,0.5856,0.5252,0.0697,0.4764,0.4067
0.0615,0.6967,0.6352,0.0749,0.2202,0.1453,0.0649,0.3365,0.2716,0.1113,0.5174,0.4061,0.0567,0.4816,0.4249,0.0525,0.4444,0.3919
0.0602,1.2449,1.1847,0.0488,0.3969,0.3481,0.0625,0.1535,0.091,0.0852,0.4821,0.3969,0.0646,0.6952,0.6306,0.0573,0.5573,0.5
0.0594,0.3325,0.2731,0.0757,0.2999,0.2242,0.0673,0.1823,0.115,0.0747,0.5077,0.433,0.062,0.7453,0.6833,0.0551,0.5095,0.4544
0.0615,0.4475,0.386,0.0623,0.2395,0.1772,0.0689,0.2572,0.1883,0.0757,0.4773,0.4016,0.0602,0.6373,0.5771,0.0501,0.4017,0.3516
0.0631,0.4327,0.3696,0.0741,0.2366,0.1625,0.0612,0.3162,0.255,0.0681,0.4041,0.336,0.0604,0.6072,0.5468,0.0501,0.427,0.3769
0.0575,0.4002,0.3427,0.071,0.2161,0.1451,0.0649,0.2746,0.2097,0.0747,0.3761,0.3014,0.0578,0.5375,0.4797,0.0496,0.3851,0.3355
0.0633,0.6537,0.5904,0.0691,0.1712,0.1021,0.0636,0.3242,0.2606,0.0868,0.4452,0.3584,0.0673,0.5867,0.5194,0.0472,0.4613,0.4141
0.0499,0.5593,0.5094,0.0733,0.2387,0.1654,0.0512,0.2337,0.1825,0.0794,0.4863,0.4069,0.0673,0.5049,0.4376,0.0478,0.3588,0.311
0.0704,0.333,0.2626,0.0699,0.1788,0.1089,0.0773,0.2762,0.1989,0.0818,0.355,0.2732,0.067,0.5763,0.5093,0.0567,0.4603,0.4036
0.0596,0.2439,0.1843,0.0646,0.1646,0.1,0.0654,0.2732,0.2078,0.0765,0.3848,0.3083,0.0604,0.4917,0.4313,0.0409,0.3809,0.34
0.0528,0.6134,0.5606,0.0641,0.2801,0.216,0.0538,0.1899,0.1361,0.0773,0.3115,0.2342,0.0557,0.4833,0.4276,0.0525,0.4217,0.3692
0.0657,0.6785,0.6128,0.1187,0.2754,0.1567,0.047,0.2092,0.1622,0.0871,0.8547,0.7676,0.066,0.9709,0.9049,0.0457,0.4257,0.38
0.0704,0.2742,0.2038,0.0768,0.1865,0.1097,0.076,0.3408,0.2648,0.0778,0.3004,0.2226,0.0675,0.4407,0.3732,0.0631,0.6101,0.547
0.0615,0.3953,0.3338,0.0718,0.1641,0.0923,0.0718,0.3089,0.2371,0.0728,0.3681,0.2953,0.0662,0.5001,0.4339,0.0512,0.5478,0.4966
0.0507,0.3782,0.3275,0.0636,0.1536,0.09,0.0657,0.682,0.6163,0.1111,0.9006,0.7895,0.043,0.639,0.596,0.0401,0.4112,0.3711
0.0683,0.4551,0.3868,0.0689,0.1805,0.1116,0.061,0.436,0.375,0.0765,0.7234,0.6469,0.0625,0.5062,0.4437,0.0362,0.4,0.3638
0.0691,0.2352,0.1661,0.0691,0.1625,0.0934,0.0702,0.2279,0.1577,0.0823,0.3262,0.2439,0.0641,0.6312,0.5671,0.0475,0.435,0.3875
0.0646,0.3791,0.3145,0.0644,0.1826,0.1182,0.0736,0.2714,0.1978,0.077,0.4222,0.3452,0.062,0.517,0.455,0.0499,0.3509,0.301
0.0546,0.3581,0.3035,0.0646,0.1601,0.0955,0.0712,0.2964,0.2252,0.0847,0.4834,0.3987,0.0607,0.4964,0.4357,0.0341,0.4018,0.3677
0.0752,0.3032,0.228,0.0586,0.201,0.1424,0.0573,0.258,0.2007,0.0778,0.3212,0.2434,0.0639,0.588,0.5241,0.0551,0.4009,0.3458
0.0544,12.5061,12.4517,0.0726,0.1776,0.105,0.0789,0.6738,0.5949,0.0668,0.6237,0.5569,0.0588,1.1037,1.0449,0.0488,1.0354,0.9866
0.0752,0.2429,0.1677,0.0839,0.1942,0.1103,0.0823,0.2632,0.1809,0.0707,0.4227,0.352,0.066,0.8878,0.8218,0.0504,0.4086,0.3582
0.0673,0.4269,0.3596,0.0731,0.177,0.1039,0.0639,0.3189,0.255,0.0789,0.4138,0.3349,0.061,0.526,0.465,0.0462,0.3854,0.3392
0.0646,0.3807,0.3161,0.0707,0.1678,0.0971,0.0781,0.2807,0.2026,0.0834,0.3972,0.3138,0.0678,0.5107,0.4429,0.0599,0.6708,0.6109
0.0599,0.39,0.3301,0.0702,0.2155,0.1453,0.0712,0.2353,0.1641,0.0831,0.3191,0.236,0.0612,0.5969,0.5357,0.0493,0.3793,0.33
0.0646,0.3187,0.2541,0.0778,0.1654,0.0876,0.066,0.3308,0.2648,0.0723,0.4069,0.3346,0.0704,0.6725,0.6021,0.0581,0.551,0.4929
0.062,0.1795,0.1175,0.0844,0.51,0.4256,0.0981,0.2168,0.1187,0.0786,0.6991,0.6205,0.0528,0.4513,0.3985,0.0512,0.5101,0.4589
0.0578,0.3085,0.2507,0.0668,0.161,0.0942,0.0668,0.2311,0.1643,0.0871,0.398,0.3109,0.0665,0.5867,0.5202,0.0596,0.3843,0.3247
0.0694,0.1893,0.1199,0.0615,0.1768,0.1153,0.0631,0.2084,0.1453,0.0839,0.5245,0.4406,0.0617,0.6069,0.5452,0.0562,0.4407,0.3845
0.0573,0.4794,0.4221,0.0741,0.1939,0.1198,0.0778,0.3663,0.2885,0.0712,0.6144,0.5432,0.061,1.0292,0.9682,0.0406,0.4309,0.3903
0.0549,0.5377,0.4828,0.0823,0.2168,0.1345,0.0581,0.3743,0.3162,0.0715,0.4093,0.3378,0.0649,0.4841,0.4192,0.0462,0.4553,0.4091
0.0517,0.3375,0.2858,0.0786,0.1622,0.0836,0.0778,0.2334,0.1556,0.0762,1.9944,1.9182,0.0631,0.4746,0.4115,0.0438,0.3991,0.3553
0.0644,0.1276,0.0632,0.0757,0.2036,0.1279,0.0594,0.2401,0.1807,0.0915,0.4293,0.3378,0.0612,0.4806,0.4194,0.0641,0.504,0.4399
0.052,0.2347,0.1827,0.0683,0.1931,0.1248,0.0588,0.255,0.1962,0.0741,0.3552,0.2811,0.0599,0.5853,0.5254,0.0507,0.4319,0.3812
0.0607,0.2806,0.2199,0.0623,0.1705,0.1082,0.0791,0.2648,0.1857,0.0992,0.446,0.3468,0.0617,0.5075,0.4458,0.0399,0.4018,0.3619
0.0594,0.3689,0.3095,0.0662,0.1638,0.0976,0.0694,0.2735,0.2041,0.0747,0.4001,0.3254,0.0515,0.502,0.4505,0.0499,0.4049,0.355
0.0628,0.2365,0.1737,0.0691,0.1751,0.106,0.067,0.2843,0.2173,0.0826,0.3497,0.2671,0.0683,0.47,0.4017,0.0573,0.4662,0.4089
0.0441,0.3164,0.2723,0.072,0.1765,0.1045,0.0662,0.2579,0.1917,0.0839,0.3352,0.2513,0.0565,0.6088,0.5523,0.0604,0.4141,0.3537
0.0483,0.154,0.1057,0.072,0.2007,0.1287,0.0533,0.24,0.1867,0.0794,0.6624,0.583,0.0586,0.6025,0.5439,0.0496,0.561,0.5114
0.0596,0.3443,0.2847,0.0826,0.1581,0.0755,0.0699,0.3052,0.2353,0.0876,0.5836,0.496,0.0628,0.5415,0.4787,0.0551,0.6056,0.5505
0.0649,0.2357,0.1708,0.0723,0.1744,0.1021,0.0644,0.3213,0.2569,0.086,0.6981,0.6121,0.0496,0.6296,0.58,0.0596,0.8748,0.8152
0.047,0.1801,0.1331,0.0757,0.2195,0.1438,0.0575,0.6923,0.6348,0.0702,0.3684,0.2982,0.0578,0.55,0.4922,0.047,0.4002,0.3532
0.0639,0.3038,0.2399,0.071,0.2282,0.1572,0.0791,0.2556,0.1765,0.0733,0.5079,0.4346,0.0581,0.3963,0.3382,0.0451,0.3827,0.3376
0.066,0.1303,0.0643,0.106,0.4491,0.3431,0.0501,0.2653,0.2152,0.0733,0.5408,0.4675,0.0665,0.8851,0.8186,0.052,0.6707,0.6187
0.0646,0.1086,0.044,0.0739,0.302,0.2281,0.0636,0.3358,0.2722,0.0723,0.471,0.3987,0.0678,0.7224,0.6546,0.0615,0.7797,0.7182
0.0581,0.5788,0.5207,0.0778,0.206,0.1282,0.066,0.4112,0.3452,0.0741,0.4675,0.3934,0.0726,0.6708,0.5982,0.0665,0.7599,0.6934
0.0578,0.4826,0.4248,0.0839,0.2506,0.1667,0.0702,0.3387,0.2685,0.0689,0.692,0.6231,0.0657,0.6045,0.5388,0.0712,0.4908,0.4196
0.0707,0.5464,0.4757,0.0826,0.2206,0.138,0.061,0.3276,0.2666,0.0947,0.6047,0.51,0.0747,0.752,0.6773,0.0665,0.4669,0.4004
0.0617,0.6679,0.6062,0.0894,0.2023,0.1129,0.0736,0.258,0.1844,0.0987,0.4025,0.3038,0.0636,0.6467,0.5831,0.0565,0.5887,0.5322
0.048,0.4395,0.3915,0.0633,0.2123,0.149,0.0525,0.3484,0.2959,0.0752,0.4167,0.3415,0.0668,0.5257,0.4589,0.0612,0.4312,0.37
0.0649,0.5063,0.4414,0.0736,0.2094,0.1358,0.0657,0.2767,0.211,0.0757,0.3645,0.2888,0.066,0.5893,0.5233,0.0723,0.4615,0.3892
0.0602,0.3228,0.2626,0.0718,0.2493,0.1775,0.0636,0.3023,0.2387,0.0807,0.4235,0.3428,0.0586,0.4714,0.4128,0.0533,0.4605,0.4072
0.0578,0.4264,0.3686,0.0612,0.205,0.1438,0.0686,0.4078,0.3392,0.0789,0.4122,0.3333,0.0702,0.5499,0.4797,0.0599,0.5755,0.5156
0.0551,0.5621,0.507,0.0691,0.2606,0.1915,0.0581,0.2644,0.2063,0.0694,0.4573,0.3879,0.0636,0.5284,0.4648,0.0573,0.4036,0.3463
0.0768,0.2909,0.2141,0.0805,0.2403,0.1598,0.0673,0.3026,0.2353,0.0776,0.8423,0.7647,0.0559,0.8297,0.7738,0.0499,0.5167,0.4668
0.0726,0.4531,0.3805,0.0789,0.2554,0.1765,0.0852,0.2218,0.1366,0.0802,0.5406,0.4604,0.0567,0.4753,0.4186,0.0433,0.3846,0.3413
0.0649,0.251,0.1861,0.066,0.2005,0.1345,0.0654,0.2833,0.2179,0.0691,0.3555,0.2864,0.0538,0.4719,0.4181,0.062,0.4397,0.3777
0.0512,0.5524,0.5012,0.0741,0.2289,0.1548,0.0644,0.3389,0.2745,0.0805,0.3956,0.3151,0.0654,0.5323,0.4669,0.0699,0.47,0.4001
0.0681,0.2508,0.1827,0.0644,0.191,0.1266,0.0707,0.3439,0.2732,0.0712,0.4412,0.37,0.0583,0.4563,0.398,0.0522,0.3961,0.3439
0.0654,0.4633,0.3979,0.0691,0.1941,0.125,0.0786,0.3144,0.2358,0.0757,0.385,0.3093,0.0623,1.2143,1.152,0.0567,0.5897,0.533
0.062,0.5548,0.4928,0.0654,0.2089,0.1435,0.0633,0.235,0.1717,0.0784,0.3737,0.2953,0.0781,0.6428,0.5647,0.0675,0.5448,0.4773
0.0549,0.5087,0.4538,0.086,0.2308,0.1448,0.0728,0.2366,0.1638,0.0855,0.3714,0.2859,0.067,0.5597,0.4927,0.0551,0.4555,0.4004
0.061,0.3033,0.2423,0.091,0.1931,0.1021,0.0612,0.2448,0.1836,0.0786,0.3436,0.265,0.0731,0.8258,0.7527,0.0599,0.4956,0.4357
0.0631,0.2687,0.2056,0.0702,0.2163,0.1461,0.0623,0.238,0.1757,0.0831,0.4019,0.3188,0.0612,0.5333,0.4721,0.0541,0.43,0.3759
0.0639,0.3025,0.2386,0.0799,0.1931,0.1132,0.0665,0.2706,0.2041,0.0784,0.3672,0.2888,0.0607,0.5853,0.5246,0.0599,0.4382,0.3783
0.0604,0.3243,0.2639,0.0826,0.2002,0.1176,0.0567,0.3038,0.2471,0.0749,0.4496,0.3747,0.0683,0.5328,0.4645,0.0567,0.4299,0.3732
0.0633,0.2716,0.2083,0.0823,0.2131,0.1308,0.0715,0.2224,0.1509,0.091,0.4019,0.3109,0.0612,0.5644,0.5032,0.0646,0.4476,0.383
0.0607,0.6097,0.549,0.0789,0.2282,0.1493,0.0675,0.3191,0.2516,0.0741,0.4583,0.3842,0.0726,0.5078,0.4352,0.0615,0.4294,0.3679
0.0573,0.2458,0.1885,0.076,0.2066,0.1306,0.0691,0.2711,0.202,0.0823,0.4296,0.3473,0.0617,0.5114,0.4497,0.0435,0.3977,0.3542
0.0522,0.3857,0.3335,0.0691,0.2395,0.1704,0.0581,0.2103,0.1522,0.0639,0.3553,0.2914,0.0665,0.5539,0.4874,0.0604,0.4658,0.4054
0.0649,0.3449,0.28,0.0797,0.1918,0.1121,0.0515,0.2179,0.1664,0.0794,0.3874,0.308,0.0731,0.559,0.4859,0.0612,0.4202,0.359
0.0596,0.406,0.3464,0.0699,0.2079,0.138,0.0678,0.2624,0.1946,0.0865,0.477,0.3905,0.0736,0.5392,0.4656,0.0454,0.4629,0.4175
0.0683,0.3253,0.257,0.0691,0.21,0.1409,0.0607,0.2767,0.216,0.0805,0.4658,0.3853,0.0699,0.5742,0.5043,0.0591,0.4658,0.4067
0.0602,0.2431,0.1829,0.0681,0.1852,0.1171,0.0702,0.2158,0.1456,0.0868,0.433,0.3462,0.0776,0.5545,0.4769,0.0554,0.4423,0.3869
0.0699,0.2175,0.1476,0.0686,0.1994,0.1308,0.0583,0.2326,0.1743,0.0789,0.4341,0.3552,0.0567,0.4995,0.4428,0.0462,0.4213,0.3751
0.0657,0.328,0.2623,0.082,0.2326,0.1506,0.0689,0.2229,0.154,0.0836,0.4217,0.3381,0.0675,1.8714,1.8039,0.0544,0.4519,0.3975
0.0842,0.2864,0.2022,0.0683,0.3276,0.2593,0.062,0.1767,0.1147,0.0639,0.5098,0.4459,0.0546,0.4993,0.4447,0.0478,0.3949,0.3471
0.0625,0.1901,0.1276,0.0757,0.2387,0.163,0.0541,0.1836,0.1295,0.0847,0.4004,0.3157,0.0644,0.4377,0.3733,0.0578,0.4281,0.3703
0.0639,0.2442,0.1803,0.0765,0.2044,0.1279,0.0644,0.4252,0.3608,0.0799,0.9533,0.8734,0.0551,0.5668,0.5117,0.0443,0.4502,0.4059
0.0665,0.1669,0.1004,0.0718,0.2224,0.1506,0.067,0.1973,0.1303,0.0794,0.4191,0.3397,0.0689,0.5845,0.5156,0.0586,0.4287,0.3701
0.0588,0.363,0.3042,0.0704,0.2165,0.1461,0.0731,0.3004,0.2273,0.0834,0.3853,0.3019,0.0583,0.5358,0.4775,0.0467,0.4101,0.3634
0.0654,0.2439,0.1785,0.0784,0.1929,0.1145,0.0607,0.2387,0.178,0.0786,0.4934,0.4148,0.0644,0.5304,0.466,0.0517,0.3895,0.3378
0.0554,0.2565,0.2011,0.0805,0.2335,0.153,0.0652,0.262,0.1968,0.077,0.3953,0.3183,0.0683,0.5879,0.5196,0.0594,0.4741,0.4147
0.0636,0.3425,0.2789,0.0768,0.1963,0.1195,0.0657,0.3112,0.2455,0.0726,0.652,0.5794,0.0536,0.5681,0.5145,0.0478,0.4722,0.4244
0.0507,0.2154,0.1647,0.0718,0.2095,0.1377,0.0554,0.22,0.1646,0.081,0.3877,0.3067,0.0615,0.5292,0.4677,0.0412,0.4163,0.3751
0.0549,0.2075,0.1526,0.071,0.234,0.163,0.0567,0.2361,0.1794,0.0802,0.6469,0.5667,0.0459,0.4935,0.4476,0.0507,0.4192,0.3685
0.0665,0.2703,0.2038,0.0805,0.1868,0.1063,0.0665,0.2551,0.1886,0.0815,0.4053,0.3238,0.0686,0.5763,0.5077,0.0517,0.8189,0.7672
0.0599,0.2165,0.1566,0.0741,0.2492,0.1751,0.0636,0.2844,0.2208,0.0773,0.4573,0.38,0.0678,0.5816,0.5138,0.0578,0.4276,0.3698
0.0633,0.1898,0.1265,0.0752,0.2171,0.1419,0.0625,0.2529,0.1904,0.0855,0.3513,0.2658,0.0591,0.5231,0.464,0.0528,0.4534,0.4006
0.0628,0.2223,0.1595,0.0842,0.2087,0.1245,0.0726,0.2409,0.1683,0.0963,0.4536,0.3573,0.0617,0.8289,0.7672,0.0459,0.4853,0.4394
0.0604,0.2368,0.1764,0.0639,0.2005,0.1366,0.062,0.2276,0.1656,0.0852,0.3708,0.2856,0.0678,0.5177,0.4499,0.0541,0.4067,0.3526
0.0607,0.3388,0.2781,0.0707,0.2116,0.1409,0.0657,0.2419,0.1762,0.0831,0.3679,0.2848,0.0665,0.4985,0.432,0.0491,0.4041,0.355
0.0617,0.2615,0.1998,0.0797,0.2076,0.1279,0.0681,0.2208,0.1527,0.0823,0.3273,0.245,0.0699,0.5175,0.4476,0.0565,0.4429,0.3864
0.0794,0.1223,0.0429,0.1443,0.3115,0.1672,0.0718,0.3155,0.2437,0.0878,0.9799,0.8921,0.0612,0.5955,0.5343,0.0557,0.4813,0.4256
0.0718,0.1134,0.0416,0.0826,0.3002,0.2176,0.0538,0.2827,0.2289,0.0852,0.6553,0.5701,0.0586,0.6605,0.6019,0.057,0.4402,0.3832
0.0686,0.2721,0.2035,0.0826,0.3026,0.22,0.0617,0.3916,0.3299,0.0826,0.4246,0.342,0.0615,0.564,0.5025,0.0499,0.4408,0.3909
0.0704,0.381,0.3106,0.0802,0.215,0.1348,0.0625,0.3748,0.3123,0.0794,0.4351,0.3557,0.0581,0.536,0.4779,0.0459,0.4742,0.4283
0.0583,0.1869,0.1286,0.0765,0.2416,0.1651,0.0625,0.4908,0.4283,0.0839,0.5451,0.4612,0.0641,0.5581,0.494,0.0475,0.4278,0.3803
0.0675,0.1666,0.0991,0.0644,0.2467,0.1823,0.0594,0.2762,0.2168,0.0828,0.6421,0.5593,0.0507,0.4646,0.4139,0.0433,0.4147,0.3714
0.0747,0.1337,0.059,0.076,0.2514,0.1754,0.0652,0.3305,0.2653,0.0857,0.583,0.4973,0.0654,0.5563,0.4909,0.0544,0.4223,0.3679
0.0662,0.0835,0.0173,0.0889,0.3381,0.2492,0.0662,0.427,0.3608,0.1047,0.8359,0.7312,0.057,0.6046,0.5476,0.0499,0.416,0.3661
0.0702,0.0949,0.0247,0.0921,0.2538,0.1617,0.0741,0.2318,0.1577,0.0921,0.4012,0.3091,0.0583,0.527,0.4687,0.0486,0.3999,0.3513
0.0652,0.1416,0.0764,0.0784,0.2686,0.1902,0.0567,0.3007,0.244,0.0757,0.5538,0.4781,0.057,0.5164,0.4594,0.0404,0.4128,0.3724
0.0673,0.1279,0.0606,0.0849,0.2442,0.1593,0.0699,0.3603,0.2904,0.0915,0.6371,0.5456,0.0486,0.4828,0.4342,0.038,0.3827,0.3447
0.0781,0.0838,0.0057,0.0923,0.2999,0.2076,0.0784,0.2224,0.144,0.0868,0.3732,0.2864,0.0847,0.4833,0.3986,0.052,0.4315,0.3795
0.061,0.0754,0.0144,0.0736,0.2384,0.1648,0.0631,0.2454,0.1823,0.0826,0.4753,0.3927,0.0675,0.4473,0.3798,0.0449,0.4756,0.4307
0.0755,0.2526,0.1771,0.0892,0.2556,0.1664,0.0633,0.2608,0.1975,0.0723,0.3785,0.3062,0.0612,0.5035,0.4423,0.0525,0.6578,0.6053
0.0652,0.5543,0.4891,0.0781,0.1543,0.0762,0.0731,0.388,0.3149,0.0778,0.5635,0.4857,0.0718,1.0439,0.9721,0.043,0.4204,0.3774
0.0662,0.2056,0.1394,0.0657,0.1868,0.1211,0.0662,0.2614,0.1952,0.0834,0.3492,0.2658,0.0639,0.478,0.4141,0.0517,0.3903,0.3386
0.0654,0.6236,0.5582,0.0718,0.2127,0.1409,0.0683,0.2479,0.1796,0.0865,0.3534,0.2669,0.0596,0.4853,0.4257,0.0451,0.4044,0.3593
0.0602,0.3291,0.2689,0.0778,0.1925,0.1147,0.0636,0.3374,0.2738,0.0876,0.4154,0.3278,0.0549,0.5518,0.4969,0.0343,0.4088,0.3745
0.0525,0.1832,0.1307,0.0757,0.2034,0.1277,0.057,0.4175,0.3605,0.0733,0.8175,0.7442,0.0573,0.5605,0.5032,0.0504,0.4824,0.432
0.0595,0.0551,-0.0044,0.0766,0.3519,0.2753,0.0744,0.35,0.2756,0.0984,0.9428,0.8444,0.0773,0.5157,0.4384,0.0546,0.3964,0.3418
0.0697,0.1886,0.1189,0.0694,0.2443,0.1749,0.0704,0.2706,0.2002,0.0681,0.4948,0.4267,0.0662,0.5249,0.4587,0.0551,0.3751,0.32
0.0633,0.1284,0.0651,0.071,0.2335,0.1625,0.0493,0.2381,0.1888,0.0757,0.3608,0.2851,0.0673,0.5679,0.5006,0.0562,0.4313,0.3751
0.0596,0.1603,0.1007,0.0828,0.2115,0.1287,0.0646,0.2437,0.1791,0.086,0.3795,0.2935,0.0662,0.517,0.4508,0.0425,0.3846,0.3421
0.0538,0.3538,0.3,0.0762,0.2482,0.172,0.0744,0.2725,0.1981,0.0747,0.4144,0.3397,0.0646,0.6396,0.575,0.0504,0.4104,0.36
0.0591,0.1732,0.1141,0.0723,0.2917,0.2194,0.0604,0.2274,0.167,0.0718,0.3904,0.3186,0.0575,0.5212,0.4637,0.043,0.3922,0.3492
0.0607,0.2661,0.2054,0.0784,0.2469,0.1685,0.0744,0.3677,0.2933,0.0776,0.514,0.4364,0.0726,0.5729,0.5003,0.0317,0.4202,0.3885
0.0575,0.2708,0.2133,0.0987,0.2232,0.1245,0.0646,0.375,0.3104,0.0902,0.424,0.3338,0.0607,0.4535,0.3928,0.053,0.4125,0.3595
0.0641,0.237,0.1729,0.0749,0.2097,0.1348,0.0678,0.2767,0.2089,0.0897,0.3777,0.288,0.0625,0.623,0.5605,0.0599,0.4321,0.3722
0.0557,0.2529,0.1972,0.0907,0.2297,0.139,0.0636,0.2741,0.2105,0.0757,0.3378,0.2621,0.0586,0.503,0.4444,0.0525,0.4183,0.3658
0.0707,0.0653,-0.0054,0.0771,0.2699,0.1928,0.0581,0.566,0.5079,0.0871,0.8595,0.7724,0.0644,0.4741,0.4097,0.053,0.3948,0.3418
0.0623,0.1535,0.0912,0.0689,0.2419,0.173,0.0712,0.3273,0.2561,0.0834,0.4732,0.3898,0.0678,0.57,0.5022,0.0496,0.3651,0.3155
0.0641,0.1305,0.0664,0.0918,0.2638,0.172,0.0628,0.1823,0.1195,0.0731,0.3893,0.3162,0.0768,0.4886,0.4118,0.047,0.4083,0.3613
0.0525,0.1474,0.0949,0.076,0.2208,0.1448,0.0704,0.254,0.1836,0.0828,0.4161,0.3333,0.0646,0.4687,0.4041,0.038,0.3941,0.3561
0.0686,0.3997,0.3311,0.0773,0.2514,0.1741,0.0839,0.2353,0.1514,0.0773,0.669,0.5917,0.0581,0.5092,0.4511,0.0549,0.3856,0.3307
0.062,0.2136,0.1516,0.0836,0.2474,0.1638,0.0799,0.236,0.1561,0.0797,0.4064,0.3267,0.0617,0.599,0.5373,0.0457,0.4002,0.3545
0.0623,0.1522,0.0899,0.0784,0.2501,0.1717,0.0562,0.2398,0.1836,0.0844,0.5604,0.476,0.0668,0.5144,0.4476,0.0409,0.4139,0.373
0.0581,0.1617,0.1036,0.0697,0.2142,0.1445,0.0641,0.2466,0.1825,0.0847,0.4481,0.3634,0.0631,0.4545,0.3914,0.0501,0.4073,0.3572
0.0583,0.2296,0.1713,0.0765,0.2859,0.2094,0.0583,0.2369,0.1786,0.0786,0.4807,0.4021,0.0652,0.5392,0.474,0.0528,0.5747,0.5219
0.0668,0.2526,0.1858,0.0884,0.2113,0.1229,0.0686,0.2261,0.1575,0.0868,0.3334,0.2466,0.0649,0.6191,0.5542,0.0483,0.4207,0.3724
0.0662,0.2101,0.1439,0.086,0.2369,0.1509,0.067,0.2047,0.1377,0.0952,0.3718,0.2766,0.0689,0.5183,0.4494,0.0522,0.4114,0.3592
0.0607,0.1513,0.0906,0.0797,0.2485,0.1688,0.0615,0.2079,0.1464,0.0979,0.3555,0.2576,0.0691,0.5745,0.5054,0.0454,0.504,0.4586
0.0565,0.2165,0.16,0.0789,1.061,0.9821,0.0433,0.2575,0.2142,0.0852,0.4267,0.3415,0.0625,0.5004,0.4379,0.0391,0.3854,0.3463
0.0755,0.2904,0.2149,0.0844,0.1965,0.1121,0.1082,0.4832,0.375,0.0823,0.9143,0.832,0.053,0.797,0.744,0.0457,0.4276,0.3819
0.0755,0.1242,0.0487,0.0733,0.2279,0.1546,0.0689,0.2269,0.158,0.0852,0.3639,0.2787,0.0694,0.5347,0.4653,0.047,0.406,0.359
0.0607,0.1587,0.098,0.0762,0.2287,0.1525,0.0596,0.2461,0.1865,0.0897,0.4953,0.4056,0.0723,0.8709,0.7986,0.0517,0.6462,0.5945
0.0699,0.1758,0.1059,0.0755,0.2535,0.178,0.0741,0.2197,0.1456,0.0934,0.4499,0.3565,0.0699,0.5397,0.4698,0.0517,0.3725,0.3208
0.0646,0.2278,0.1632,0.0736,0.1891,0.1155,0.0628,0.2622,0.1994,0.0844,0.3742,0.2898,0.0678,0.4927,0.4249,0.0441,0.392,0.3479
0.0491,0.2036,0.1545,0.0707,0.1899,0.1192,0.0628,0.2596,0.1968,0.0789,0.3415,0.2626,0.067,0.5009,0.4339,0.0559,0.4151,0.3592
0.0662,0.1861,0.1199,0.0789,0.2211,0.1422,0.0522,0.2118,0.1596,0.0807,0.4251,0.3444,0.0657,0.5647,0.499,0.061,0.3728,0.3118
0.0617,0.213,0.1513,0.0789,0.2169,0.138,0.0694,0.3054,0.236,0.0784,0.5214,0.443,0.0586,0.6133,0.5547,0.0546,0.4112,0.3566
0.0707,0.1118,0.0411,0.0931,0.2783,0.1852,0.0673,0.3147,0.2474,0.0578,0.4101,0.3523,0.0596,0.5003,0.4407,0.0607,0.4817,0.421
0.0509,0.1297,0.0788,0.0665,0.2535,0.187,0.0507,0.2635,0.2128,0.076,0.3394,0.2634,0.0604,0.6275,0.5671,0.0483,0.4611,0.4128
0.0625,0.3053,0.2428,0.0607,0.2522,0.1915,0.0559,0.279,0.2231,0.0602,0.4265,0.3663,0.0551,0.5175,0.4624,0.0586,0.4337,0.3751
0.0623,0.2977,0.2354,0.0662,0.2669,0.2007,0.0689,0.3234,0.2545,0.0728,0.4597,0.3869,0.0544,0.5054,0.451,0.0562,0.4318,0.3756
0.0583,0.4163,0.358,0.0691,0.1867,0.1176,0.0631,0.2891,0.226,0.0689,0.3455,0.2766,0.061,0.546,0.485,0.057,0.4737,0.4167
0.061,0.3038,0.2428,0.0802,0.2255,0.1453,0.0905,0.278,0.1875,0.0786,0.5372,0.4586,0.0707,0.594,0.5233,0.0443,0.4162,0.3719
0.0549,0.4261,0.3712,0.0834,0.1863,0.1029,0.0673,0.282,0.2147,0.0881,0.3695,0.2814,0.0623,0.5748,0.5125,0.0425,0.4271,0.3846
0.0573,0.1596,0.1023,0.0689,0.1897,0.1208,0.0644,0.2282,0.1638,0.0802,0.4209,0.3407,0.0399,0.4148,0.3749,0.0351,0.4479,0.4128
0.0712,0.2056,0.1344,0.0668,0.1966,0.1298,0.0631,0.2451,0.182,0.0736,0.3787,0.3051,0.067,0.4901,0.4231,0.0409,0.6242,0.5833
0.0457,0.3286,0.2829,0.0639,0.2174,0.1535,0.0646,0.3486,0.284,0.0715,0.6669,0.5954,0.0602,0.565,0.5048,0.0443,0.422,0.3777
0.0607,0.2128,0.1521,0.0894,0.2666,0.1772,0.057,0.2131,0.1561,0.0878,0.4757,0.3879,0.0602,0.4471,0.3869,0.0435,0.4338,0.3903
0.0596,0.2262,0.1666,0.0736,0.2287,0.1551,0.0683,0.2252,0.1569,0.0878,0.4599,0.3721,0.0464,0.5557,0.5093,0.0412,0.4384,0.3972
0.0654,0.1218,0.0564,0.0728,0.2289,0.1561,0.0551,0.3254,0.2703,0.0681,0.4571,0.389,0.0723,0.5521,0.4798,0.0544,0.4556,0.4012
0.0623,0.2205,0.1582,0.0683,0.1796,0.1113,0.0665,0.2274,0.1609,0.0786,0.3441,0.2655,0.0594,0.3989,0.3395,0.0472,0.4215,0.3743
0.0633,0.2734,0.2101,0.0694,0.22,0.1506,0.0596,0.3713,0.3117,0.0842,0.4088,0.3246,0.0652,0.4569,0.3917,0.0462,0.4266,0.3804
0.0562,0.1854,0.1292,0.0718,0.2053,0.1335,0.0586,0.2253,0.1667,0.0881,0.3803,0.2922,0.0549,0.4139,0.359,0.0467,0.3933,0.3466
0.0551,0.1761,0.121,0.0665,0.2593,0.1928,0.0478,0.301,0.2532,0.0802,0.3879,0.3077,0.0583,0.4316,0.3733,0.0414,0.4196,0.3782
0.0583,0.2834,0.2251,0.081,0.2066,0.1256,0.0551,0.2611,0.206,0.0799,0.3349,0.255,0.0438,0.407,0.3632,0.037,0.4097,0.3727
0.0612,0.6257,0.5645,0.0818,0.243,0.1612,0.0639,0.2854,0.2215,0.0768,0.3983,0.3215,0.0522,0.5707,0.5185,0.0512,0.3907,0.3395
0.0565,0.3368,0.2803,0.0628,0.196,0.1332,0.0739,0.2604,0.1865,0.0707,0.3848,0.3141,0.0549,0.7593,0.7044,0.0499,0.4239,0.374
0.0541,0.2057,0.1516,0.0594,0.2018,0.1424,0.0646,0.2511,0.1865,0.0828,0.3971,0.3143,0.066,0.7994,0.7334,0.042,0.4618,0.4198
0.057,0.1883,0.1313,0.0631,0.1987,0.1356,0.0612,0.2213,0.1601,0.076,0.3328,0.2568,0.0586,0.4534,0.3948,0.0464,0.4096,0.3632
0.0657,0.2054,0.1397,0.0715,0.2495,0.178,0.0512,0.2308,0.1796,0.0697,0.3553,0.2856,0.072,0.7205,0.6485,0.0675,0.6027,0.5352
0.0599,0.1582,0.0983,0.0686,0.2511,0.1825,0.0575,0.2084,0.1509,0.0865,0.4248,0.3383,0.062,0.5479,0.4859,0.047,0.402,0.355
0.0565,0.1759,0.1194,0.0683,0.2516,0.1833,0.0425,0.1733,0.1308,0.0773,0.3566,0.2793,0.0515,0.4395,0.388,0.0401,0.4088,0.3687
0.0678,0.1186,0.0508,0.0707,0.205,0.1343,0.0599,0.1989,0.139,0.09,0.3131,0.2231,0.0536,0.449,0.3954,0.0438,0.4434,0.3996
0.0449,0.1867,0.1418,0.0681,0.1987,0.1306,0.0686,0.2506,0.182,0.0865,0.3336,0.2471,0.0636,0.4279,0.3643,0.0449,0.3843,0.3394
0.0562,0.2281,0.1719,0.0741,0.1936,0.1195,0.0586,0.2395,0.1809,0.0789,0.3357,0.2568,0.061,0.4326,0.3716,0.0385,0.379,0.3405
0.0578,0.2645,0.2067,0.072,0.1736,0.1016,0.0639,0.3187,0.2548,0.0857,0.8198,0.7341,0.0399,0.6365,0.5966,0.0372,0.3838,0.3466
0.0604,0.1808,0.1204,0.0731,0.2329,0.1598,0.0509,0.2126,0.1617,0.0836,0.4024,0.3188,0.0691,0.5033,0.4342,0.0515,0.4329,0.3814
0.0517,0.2017,0.15,0.0607,0.196,0.1353,0.0599,0.2018,0.1419,0.0855,0.3685,0.283,0.071,0.4598,0.3888,0.0425,0.3788,0.3363
0.0507,0.2123,0.1616,0.0625,0.2223,0.1598,0.0559,0.1986,0.1427,0.0923,0.4501,0.3578,0.0573,0.497,0.4397,0.0385,0.3621,0.3236
0.0517,0.4714,0.4197,0.0707,0.2047,0.134,0.0662,0.2144,0.1482,0.0739,0.3471,0.2732,0.0644,0.5429,0.4785,0.0557,0.4347,0.379
0.0559,0.2246,0.1687,0.0649,0.2158,0.1509,0.0565,0.2477,0.1912,0.077,0.423,0.346,0.0607,0.4912,0.4305,0.037,0.3878,0.3508
0.0517,0.2629,0.2112,0.0813,0.2179,0.1366,0.0649,0.2421,0.1772,0.0863,0.383,0.2967,0.062,0.5444,0.4824,0.0343,0.3975,0.3632
0.0496,0.2101,0.1605,0.072,0.2643,0.1923,0.0591,0.2145,0.1554,0.0963,0.6472,0.5509,0.0544,0.5183,0.4639,0.043,0.3953,0.3523
0.0581,0.1548,0.0967,0.0644,0.248,0.1836,0.0612,0.1699,0.1087,0.0791,0.4272,0.3481,0.0633,0.7079,0.6446,0.0591,0.4758,0.4167
0.0549,0.1587,0.1038,0.0739,0.2269,0.153,0.0499,0.1699,0.12,0.081,0.3339,0.2529,0.0628,0.4748,0.412,0.0377,0.4085,0.3708
0.0414,0.213,0.1716,0.0678,0.2192,0.1514,0.0417,0.1781,0.1364,0.082,0.4201,0.3381,0.0617,0.51,0.4483,0.0391,0.3735,0.3344
0.0668,0.153,0.0862,0.0923,0.2147,0.1224,0.0723,0.2,0.1277,0.0981,0.5248,0.4267,0.0615,0.4775,0.416,0.0412,0.3743,0.3331
0.0657,0.135,0.0693,0.0704,0.2527,0.1823,0.062,0.1636,0.1016,0.0979,0.4172,0.3193,0.0599,1.0858,1.0259,0.0522,0.457,0.4048
0.0612,0.1434,0.0822,0.0596,0.2252,0.1656,0.0581,0.1702,0.1121,0.0849,0.3489,0.264,0.0522,0.4631,0.4109,0.0472,0.4317,0.3845
0.0639,0.4641,0.4002,0.0849,0.1965,0.1116,0.0744,0.2363,0.1619,0.0834,0.3875,0.3041,0.0462,0.4635,0.4173,0.0362,0.3777,0.3415
0.0567,0.151,0.0943,0.0728,0.2224,0.1496,0.0615,0.1855,0.124,0.0934,0.3663,0.2729,0.0617,0.4326,0.3709,0.0459,0.365,0.3191
0.0522,0.2618,0.2096,0.0813,0.1976,0.1163,0.0586,0.2126,0.154,0.0921,0.37,0.2779,0.0615,0.4194,0.3579,0.0438,0.3598,0.316
0.0554,0.2125,0.1571,0.0776,0.2111,0.1335,0.0546,0.1928,0.1382,0.0973,0.3046,0.2073,0.0733,0.4465,0.3732,0.0391,0.3741,0.335
0.0515,0.1814,0.1299,0.0683,0.2052,0.1369,0.0755,0.2469,0.1714,0.0955,0.3885,0.293,0.0556,0.7171,0.6615,0.0362,0.3944,0.3582
0.0496,0.1706,0.121,0.066,0.2345,0.1685,0.0536,0.1705,0.1169,0.0886,0.3721,0.2835,0.0686,0.4489,0.3803,0.0433,0.3746,0.3313
0.0607,0.2914,0.2307,0.0689,0.2221,0.1532,0.057,0.2205,0.1635,0.0868,0.3945,0.3077,0.0617,0.7833,0.7216,0.0438,0.4036,0.3598
0.0562,0.2827,0.2265,0.0681,0.2646,0.1965,0.0464,0.2131,0.1667,0.0786,0.3608,0.2822,0.0588,0.5172,0.4584,0.0446,0.4212,0.3766
0.0731,0.1147,0.0416,0.0886,0.274,0.1854,0.0744,0.2785,0.2041,0.0726,0.4526,0.38,0.0625,0.8574,0.7949,0.0604,0.5127,0.4523
0.0649,0.1134,0.0485,0.0757,0.2271,0.1514,0.0639,0.1945,0.1306,0.0905,0.4618,0.3713,0.067,0.5852,0.5182,0.0525,0.4895,0.437
0.0596,0.151,0.0914,0.0828,0.2355,0.1527,0.0628,0.2332,0.1704,0.0773,0.4143,0.337,0.0641,0.5015,0.4374,0.0512,0.4394,0.3882
0.0517,0.2323,0.1806,0.0636,0.2451,0.1815,0.0646,0.2416,0.177,0.077,0.6036,0.5266,0.0633,0.4988,0.4355,0.042,0.4366,0.3946
0.0554,0.3417,0.2863,0.0639,0.2127,0.1488,0.0581,0.2469,0.1888,0.0786,0.4317,0.3531,0.0586,0.602,0.5434,0.0633,0.5965,0.5332
0.0578,0.3918,0.334,0.0741,0.2118,0.1377,0.0678,0.3276,0.2598,0.0765,0.4117,0.3352,0.0617,0.6963,0.6346,0.0636,0.758,0.6944
0.0441,0.3344,0.2903,0.0657,0.2166,0.1509,0.0633,0.2906,0.2273,0.0815,0.4831,0.4016,0.0617,0.5307,0.469,0.0512,0.4241,0.3729
0.047,0.2392,0.1922,0.0797,0.2409,0.1612,0.0623,0.2699,0.2076,0.1129,0.6545,0.5416,0.0575,0.5583,0.5008,0.057,0.4289,0.3719
0.0383,0.2326,0.1943,0.0723,0.225,0.1527,0.0744,0.2271,0.1527,0.0955,0.3953,0.2998,0.0586,0.5592,0.5006,0.0467,0.4418,0.3951
0.0493,0.2697,0.2204,0.0881,0.268,0.1799,0.057,0.235,0.178,0.072,0.4045,0.3325,0.0578,0.517,0.4592,0.0496,0.4091,0.3595
0.0478,0.23,0.1822,0.0744,0.249,0.1746,0.0665,0.2342,0.1677,0.0813,0.3756,0.2943,0.0567,0.5452,0.4885,0.0512,0.4352,0.384
0.0499,0.0899,0.04,0.0755,0.2591,0.1836,0.053,0.2437,0.1907,0.081,1.7576,1.6766,0.0451,0.4719,0.4268,0.0393,0.3898,0.3505
0.0557,0.1901,0.1344,0.0749,0.2271,0.1522,0.0623,0.2184,0.1561,0.0873,0.4238,0.3365,0.0607,0.4793,0.4186,0.0493,0.3914,0.3421
0.0588,0.2257,0.1669,0.0649,0.2131,0.1482,0.062,0.2643,0.2023,0.0704,0.3507,0.2803,0.0683,0.4785,0.4102,0.0507,0.4463,0.3956
0.0512,0.2014,0.1502,0.0615,0.1955,0.134,0.0631,0.2021,0.139,0.0823,0.3956,0.3133,0.0501,0.4378,0.3877,0.0422,0.3601,0.3179
0.0504,0.3491,0.2987,0.0755,0.2008,0.1253,0.0686,0.24,0.1714,0.0797,0.3753,0.2956,0.0596,0.441,0.3814,0.0509,0.403,0.3521
0.0499,0.2128,0.1629,0.0694,0.2517,0.1823,0.0681,0.2124,0.1443,0.0831,0.4088,0.3257,0.0691,0.647,0.5779,0.0615,0.4693,0.4078
0.0586,0.2041,0.1455,0.0678,0.2123,0.1445,0.0604,0.1854,0.125,0.086,0.3982,0.3122,0.0591,0.425,0.3659,0.0462,0.3864,0.3402
0.0544,0.2226,0.1682,0.0562,0.2369,0.1807,0.0559,0.2271,0.1712,0.0852,0.3405,0.2553,0.0581,0.4664,0.4083,0.0388,0.4329,0.3941
0.0617,0.1502,0.0885,0.0704,0.2917,0.2213,0.047,0.152,0.105,0.0876,1.6108,1.5232,0.053,0.5067,0.4537,0.0533,0.4544,0.4011
0.0673,0.1216,0.0543,0.0646,0.2263,0.1617,0.0512,0.1507,0.0995,0.082,0.3557,0.2737,0.0675,0.5,0.4325,0.0536,0.3918,0.3382
0.0541,0.1917,0.1376,0.0615,0.214,0.1525,0.0604,0.1699,0.1095,0.0731,0.3822,0.3091,0.0778,0.5987,0.5209,0.0557,0.3965,0.3408
0.0554,0.2138,0.1584,0.0636,0.2158,0.1522,0.047,0.1942,0.1472,0.0834,0.5728,0.4894,0.0496,0.4961,0.4465,0.038,0.3901,0.3521
0.0699,0.1674,0.0975,0.0781,0.2224,0.1443,0.0639,0.8384,0.7745,0.0762,0.7086,0.6324,0.0586,0.487,0.4284,0.0464,0.4054,0.359
0.0723,0.4894,0.4171,0.0728,0.1939,0.1211,0.0778,0.2255,0.1477,0.1016,0.3793,0.2777,0.0723,0.6009,0.5286,0.0528,0.3672,0.3144
0.0736,0.2671,0.1935,0.0786,0.2289,0.1503,0.0583,0.1931,0.1348,0.0944,0.4293,0.3349,0.0617,0.4838,0.4221,0.0433,0.4028,0.3595
0.0596,0.2502,0.1906,0.0802,0.2052,0.125,0.0739,0.2037,0.1298,0.082,0.3884,0.3064,0.0668,0.4329,0.3661,0.0504,0.3904,0.34
0.061,0.2381,0.1771,0.076,0.2216,0.1456,0.0652,0.2126,0.1474,0.0968,0.4238,0.327,0.0657,0.4804,0.4147,0.0488,0.3692,0.3204
0.0615,0.2531,0.1916,0.0752,0.2432,0.168,0.0678,0.2332,0.1654,0.0966,0.3767,0.2801,0.0697,0.4453,0.3756,0.0499,0.3825,0.3326
0.0631,0.2463,0.1832,0.0847,0.2393,0.1546,0.0636,0.2195,0.1559,0.0915,0.4093,0.3178,0.0736,0.5378,0.4642,0.0554,0.4122,0.3568
0.0668,0.221,0.1542,0.0712,0.2263,0.1551,0.0715,0.2187,0.1472,0.1031,0.3323,0.2292,0.0757,0.5779,0.5022,0.0565,0.4374,0.3809
0.0546,0.2135,0.1589,0.0741,0.2128,0.1387,0.0625,0.278,0.2155,0.0884,0.3927,0.3043,0.067,0.4717,0.4047,0.053,0.3684,0.3154
0.0644,0.2165,0.1521,0.0799,0.2358,0.1559,0.0668,0.1855,0.1187,0.0894,0.3436,0.2542,0.0625,0.4505,0.388,0.0433,0.3807,0.3374
0.0612,0.3362,0.275,0.0752,0.2556,0.1804,0.0631,0.2037,0.1406,0.077,0.6173,0.5403,0.0628,0.8825,0.8197,0.0406,0.3914,0.3508
0.0565,0.145,0.0885,0.0842,0.2728,0.1886,0.061,0.1871,0.1261,0.0926,0.4462,0.3536,0.0673,0.5023,0.435,0.0525,1.2854,1.2329
0.0686,0.208,0.1394,0.0691,0.937,0.8679,0.0694,1.0731,1.0037,0.0715,0.3439,0.2724,0.0549,0.843,0.7881,0.0433,0.3708,0.3275
0.0681,0.1173,0.0492,0.0673,0.2477,0.1804,0.043,0.1649,0.1219,0.0789,0.3595,0.2806,0.0728,0.4181,0.3453,0.0496,0.3474,0.2978
0.067,0.1872,0.1202,0.071,0.3034,0.2324,0.0649,0.128,0.0631,0.0847,0.4452,0.3605,0.0691,1.0829,1.0138,0.0544,0.4173,0.3629
0.0625,0.2436,0.1811,0.0863,0.2588,0.1725,0.0728,0.2005,0.1277,0.0921,0.3679,0.2758,0.0707,1.1918,1.1211,0.053,0.4254,0.3724
0.0625,0.5521,0.4896,0.0934,0.2369,0.1435,0.0646,0.1997,0.1351,0.1129,0.4304,0.3175,0.0633,1.5444,1.4811,0.0567,0.4183,0.3616
0.0586,0.5314,0.4728,0.1208,0.2609,0.1401,0.0665,0.3086,0.2421,0.0794,0.399,0.3196,0.0617,0.5006,0.4389,0.0391,0.3822,0.3431
0.0892,0.2917,0.2025,0.0815,0.2387,0.1572,0.0599,0.1984,0.1385,0.0884,0.4753,0.3869,0.0544,0.5115,0.4571,0.042,0.3509,0.3089
0.0559,0.2874,0.2315,0.0712,0.1904,0.1192,0.0715,0.2377,0.1662,0.1034,0.3616,0.2582,0.0633,0.4297,0.3664,0.047,0.3854,0.3384
0.0565,0.3499,0.2934,0.0794,0.2163,0.1369,0.0702,0.2443,0.1741,0.0913,0.5206,0.4293,0.0493,0.5087,0.4594,0.0377,0.3661,0.3284
0.052,0.1735,0.1215,0.0728,0.2424,0.1696,0.0586,0.214,0.1554,0.0944,1.3043,1.2099,0.0549,0.5753,0.5204,0.0657,0.4708,0.4051
0.0533,0.2637,0.2104,0.0907,0.2244,0.1337,0.0599,0.1797,0.1198,0.0905,0.4573,0.3668,0.0631,0.5089,0.4458,0.052,0.363,0.311
0.0591,0.2439,0.1848,0.082,0.2495,0.1675,0.0807,0.1638,0.0831,0.1037,0.4302,0.3265,0.0654,0.4821,0.4167,0.0475,0.3605,0.313
0.0615,0.2945,0.233,0.0728,0.2002,0.1274,0.0704,0.2268,0.1564,0.0936,0.4536,0.36,0.0649,0.4896,0.4247,0.0493,0.3661,0.3168
0.0536,0.1733,0.1197,0.0723,0.2364,0.1641,0.0631,0.1952,0.1321,0.0839,0.4288,0.3449,0.062,0.4271,0.3651,0.0449,0.3725,0.3276
0.0612,0.3306,0.2694,0.0802,0.2886,0.2084,0.0562,0.2013,0.1451,0.0852,0.428,0.3428,0.057,0.444,0.387,0.0504,0.3835,0.3331
0.0712,0.1223,0.0511,0.0799,0.2666,0.1867,0.0559,0.2595,0.2036,0.0773,0.5891,0.5118,0.0636,0.5138,0.4502,0.0533,0.4339,0.3806
0.0699,0.3251,0.2552,0.072,0.6561,0.5841,0.0636,0.1311,0.0675,0.0749,0.3091,0.2342,0.0631,0.8873,0.8242,0.0631,0.4521,0.389
0.0631,0.4167,0.3536,0.0799,0.1902,0.1103,0.0707,0.1986,0.1279,0.0971,0.3497,0.2526,0.0681,0.5829,0.5148,0.0633,0.6733,0.61
0.0625,0.3657,0.3032,0.0744,0.215,0.1406,0.0718,0.1929,0.1211,0.0849,0.4082,0.3233,0.0712,0.5259,0.4547,0.0567,0.4378,0.3811
0.0472,0.2679,0.2207,0.0715,0.1681,0.0966,0.0617,0.2682,0.2065,0.0797,0.4062,0.3265,0.0752,0.5442,0.469,0.0633,0.4671,0.4038
0.0615,0.37,0.3085,0.0749,0.2519,0.177,0.0617,0.2935,0.2318,0.0815,0.4011,0.3196,0.0607,0.4827,0.422,0.0501,0.4496,0.3995
0.0478,0.3307,0.2829,0.0691,0.2574,0.1883,0.0694,0.2292,0.1598,0.0905,0.5145,0.424,0.0515,0.5199,0.4684,0.0612,0.6293,0.5681
0.062,0.4965,0.4345,0.0791,0.2192,0.1401,0.0683,0.3977,0.3294,0.0633,0.533,0.4697,0.0641,0.4978,0.4337,0.0515,0.4258,0.3743
0.0507,0.3207,0.27,0.0834,0.2026,0.1192,0.0675,0.2181,0.1506,0.0784,0.4542,0.3758,0.0646,0.5676,0.503,0.066,0.5015,0.4355
0.0604,0.261,0.2006,0.0736,0.2253,0.1517,0.0623,0.2314,0.1691,0.0878,0.4362,0.3484,0.0594,0.5186,0.4592,0.0483,0.4125,0.3642
0.0689,0.1068,0.0379,0.0781,0.2044,0.1263,0.0694,0.7986,0.7292,0.0926,0.8489,0.7563,0.0581,0.4611,0.403,0.0478,0.459,0.4112
0.0591,0.203,0.1439,0.0802,0.2187,0.1385,0.0557,0.2994,0.2437,0.0668,0.4819,0.4151,0.0581,0.3902,0.3321,0.0472,0.4098,0.3626
0.0554,0.117,0.0616,0.0662,0.2616,0.1954,0.0533,0.1833,0.13,0.0768,0.5248,0.448,0.0657,0.4733,0.4076,0.0501,0.4494,0.3993
0.0604,0.2716,0.2112,0.0773,0.211,0.1337,0.0625,0.2012,0.1387,0.0665,0.4557,0.3892,0.0633,0.5819,0.5186,0.0483,0.4618,0.4135
0.0604,0.1737,0.1133,0.0662,0.2456,0.1794,0.0612,0.1773,0.1161,0.0791,0.4293,0.3502,0.0528,1.5207,1.4679,0.0639,0.8047,0.7408
0.057,0.3333,0.2763,0.0726,0.2348,0.1622,0.0654,0.2345,0.1691,0.0718,0.3906,0.3188,0.0549,0.699,0.6441,0.0573,0.3862,0.3289
0.0533,0.27,0.2167,0.067,0.2208,0.1538,0.0662,0.2123,0.1461,0.0976,0.438,0.3404,0.0533,0.478,0.4247,0.0562,0.3759,0.3197
0.0422,1.3889,1.3467,0.0702,0.2343,0.1641,0.0718,0.5338,0.462,0.0689,0.4418,0.3729,0.0665,0.4147,0.3482,0.048,0.3875,0.3395
0.0559,0.5345,0.4786,0.0776,0.1913,0.1137,0.0726,0.2707,0.1981,0.0839,0.3935,0.3096,0.0575,0.4389,0.3814,0.0501,0.3685,0.3184
0.0567,0.2457,0.189,0.0744,0.2369,0.1625,0.0668,0.1826,0.1158,0.0923,0.4011,0.3088,0.0602,0.4136,0.3534,0.0496,0.3661,0.3165
0.0578,0.2792,0.2214,0.0702,0.259,0.1888,0.0591,0.182,0.1229,0.081,0.3508,0.2698,0.0581,0.4309,0.3728,0.0499,0.4152,0.3653
0.0451,0.2207,0.1756,0.0839,0.2208,0.1369,0.0617,0.2529,0.1912,0.0847,0.845,0.7603,0.0567,0.6826,0.6259,0.0525,0.4589,0.4064
0.0612,0.2945,0.2333,0.0668,0.2636,0.1968,0.0515,0.1597,0.1082,0.0755,0.677,0.6015,0.0401,0.3957,0.3556,0.0457,0.4255,0.3798
0.0586,0.1551,0.0965,0.0926,0.287,0.1944,0.0694,0.1678,0.0984,0.0979,0.4006,0.3027,0.0591,0.4031,0.344,0.0462,0.3843,0.3381
0.0636,0.3017,0.2381,0.0842,0.2614,0.1772,0.0652,0.1673,0.1021,0.0884,0.355,0.2666,0.0517,0.3935,0.3418,0.0451,0.3537,0.3086
0.0544,0.4335,0.3791,0.0784,0.2359,0.1575,0.0694,0.2279,0.1585,0.096,0.3357,0.2397,0.0559,0.9829,0.927,0.053,0.4109,0.3579
0.0612,0.232,0.1708,0.0849,0.2468,0.1619,0.0697,0.1575,0.0878,0.0929,0.4858,0.3929,0.0578,0.6301,0.5723,0.0525,0.5803,0.5278
0.0599,0.5846,0.5247,0.076,0.1968,0.1208,0.0633,0.1918,0.1285,0.0915,0.4014,0.3099,0.0794,0.6573,0.5779,0.0538,0.4982,0.4444
0.052,0.399,0.347,0.0747,0.191,0.1163,0.0675,0.1944,0.1269,0.096,0.307,0.211,0.0615,0.4055,0.344,0.0501,0.3975,0.3474
0.0575,0.2341,0.1766,0.0776,0.2232,0.1456,0.0652,0.2055,0.1403,0.0936,0.4288,0.3352,0.0581,0.4371,0.379,0.0562,0.3801,0.3239
0.0588,0.2497,0.1909,0.0747,0.2567,0.182,0.0615,0.2256,0.1641,0.0855,0.3497,0.2642,0.0573,0.4374,0.3801,0.0467,0.3754,0.3287
0.0544,0.2453,0.1909,0.0907,0.2521,0.1614,0.0562,0.2007,0.1445,0.09,0.3661,0.2761,0.0578,0.4408,0.383,0.0462,0.3733,0.3271
0.0501,0.2238,0.1737,0.0794,0.2551,0.1757,0.0757,0.216,0.1403,0.0834,0.3532,0.2698,0.0599,0.5141,0.4542,0.0433,0.6016,0.5583
0.0573,0.2429,0.1856,0.0786,0.2685,0.1899,0.0615,0.1736,0.1121,0.1031,0.3373,0.2342,0.0625,0.4589,0.3964,0.0499,0.3946,0.3447
0.0588,0.2634,0.2046,0.0728,0.2247,0.1519,0.0731,0.2111,0.138,0.0902,0.4003,0.3101,0.0507,0.5149,0.4642,0.0414,0.3714,0.33
0.0554,0.2431,0.1877,0.0831,0.2371,0.154,0.0646,0.2205,0.1559,0.1031,0.515,0.4119,0.0617,0.5658,0.5041,0.0443,0.404,0.3597
0.0615,0.2437,0.1822,0.0876,0.2469,0.1593,0.0762,0.1764,0.1002,0.1042,0.3808,0.2766,0.0652,0.469,0.4038,0.0573,0.3762,0.3189
0.0602,0.3223,0.2621,0.0768,0.2448,0.168,0.067,0.186,0.119,0.0886,0.442,0.3534,0.0646,0.9911,0.9265,0.0491,0.9916,0.9425
0.0678,0.2418,0.174,0.0855,0.225,0.1395,0.0573,0.2042,0.1469,0.0907,0.4019,0.3112,0.0586,0.4637,0.4051,0.0491,0.3846,0.3355
0.062,0.2908,0.2288,0.0839,0.2327,0.1488,0.0681,0.1768,0.1087,0.0973,0.4124,0.3151,0.0578,0.4065,0.3487,0.0559,0.416,0.3601
0.0704,0.1647,0.0943,0.0884,0.239,0.1506,0.0707,0.2013,0.1306,0.1087,0.355,0.2463,0.0562,0.4128,0.3566,0.0517,0.379,0.3273
0.0615,0.2418,0.1803,0.0878,0.2587,0.1709,0.0697,0.228,0.1583,0.0894,0.4533,0.3639,0.0612,0.6955,0.6343,0.0483,0.4595,0.4112
0.066,0.1632,0.0972,0.0773,0.2435,0.1662,0.0694,0.4755,0.4061,0.0831,0.4061,0.323,0.0578,0.4208,0.363,0.0565,0.4463,0.3898
0.0681,0.2563,0.1882,0.0686,0.3052,0.2366,0.062,0.1881,0.1261,0.0768,0.336,0.2592,0.0665,0.4582,0.3917,0.0559,0.4217,0.3658
0.0573,0.2455,0.1882,0.0831,0.244,0.1609,0.0681,0.2108,0.1427,0.0884,0.3371,0.2487,0.0631,0.4419,0.3788,0.0486,0.3897,0.3411
0.0673,0.2568,0.1895,0.0905,0.2514,0.1609,0.0747,0.2266,0.1519,0.0892,0.4154,0.3262,0.0639,0.8082,0.7443,0.0538,0.4173,0.3635
0.0649,0.2014,0.1365,0.0731,0.2277,0.1546,0.0631,0.2013,0.1382,0.0897,0.3102,0.2205,0.0649,0.6554,0.5905,0.0673,0.4411,0.3738
0.0644,0.3043,0.2399,0.076,0.2965,0.2205,0.0715,0.3529,0.2814,0.071,0.5135,0.4425,0.0599,0.6454,0.5855,0.0491,0.3873,0.3382
0.0697,0.3241,0.2544,0.081,0.2564,0.1754,0.0657,0.1797,0.114,0.0794,0.3589,0.2795,0.0581,0.4448,0.3867,0.0544,0.4005,0.3461
0.0623,0.1822,0.1199,0.0881,0.2651,0.177,0.0573,0.1552,0.0979,0.0889,0.9599,0.871,0.047,0.482,0.435,0.0512,0.3743,0.3231
